tpr,fpr,auc
0.0,0.0,0.5411772060536829
0.0,0.0009718172983479105,0.5411772060536829
0.0,0.006802721088435374,0.5411772060536829
0.011695906432748537,0.006802721088435374,0.5411772060536829
0.011695906432748537,0.013605442176870748,0.5411772060536829
0.017543859649122806,0.013605442176870748,0.5411772060536829
0.017543859649122806,0.023323615160349854,0.5411772060536829
0.023391812865497075,0.023323615160349854,0.5411772060536829
0.023391812865497075,0.029154518950437316,0.5411772060536829
0.029239766081871343,0.029154518950437316,0.5411772060536829
0.029239766081871343,0.03498542274052478,0.5411772060536829
0.03508771929824561,0.03498542274052478,0.5411772060536829
0.03508771929824561,0.037900874635568516,0.5411772060536829
0.04093567251461988,0.037900874635568516,0.5411772060536829
0.04093567251461988,0.04956268221574344,0.5411772060536829
0.05263157894736842,0.04956268221574344,0.5411772060536829
0.05263157894736842,0.056365403304178816,0.5411772060536829
0.06432748538011696,0.056365403304178816,0.5411772060536829
0.06432748538011696,0.06608357628765792,0.5411772060536829
0.07017543859649122,0.06608357628765792,0.5411772060536829
0.07017543859649122,0.07191448007774538,0.5411772060536829
0.07602339181286549,0.07191448007774538,0.5411772060536829
0.07602339181286549,0.08066083576287658,0.5411772060536829
0.08187134502923976,0.08066083576287658,0.5411772060536829
0.08187134502923976,0.08357628765792031,0.5411772060536829
0.08771929824561403,0.08357628765792031,0.5411772060536829
0.08771929824561403,0.09912536443148688,0.5411772060536829
0.0935672514619883,0.09912536443148688,0.5411772060536829
0.0935672514619883,0.1010689990281827,0.5411772060536829
0.09941520467836257,0.1010689990281827,0.5411772060536829
0.09941520467836257,0.10398445092322643,0.5411772060536829
0.10526315789473684,0.10398445092322643,0.5411772060536829
0.10526315789473684,0.10884353741496598,0.5411772060536829
0.1111111111111111,0.10884353741496598,0.5411772060536829
0.1111111111111111,0.11467444120505345,0.5411772060536829
0.11695906432748537,0.11467444120505345,0.5411772060536829
0.11695906432748537,0.1185617103984451,0.5411772060536829
0.1286549707602339,0.1185617103984451,0.5411772060536829
0.1286549707602339,0.12244897959183673,0.5411772060536829
0.13450292397660818,0.12244897959183673,0.5411772060536829
0.13450292397660818,0.12439261418853255,0.5411772060536829
0.14619883040935672,0.12439261418853255,0.5411772060536829
0.14619883040935672,0.1292517006802721,0.5411772060536829
0.15204678362573099,0.1292517006802721,0.5411772060536829
0.15204678362573099,0.13119533527696792,0.5411772060536829
0.16374269005847952,0.13119533527696792,0.5411772060536829
0.16374269005847952,0.13313896987366375,0.5411772060536829
0.1695906432748538,0.13313896987366375,0.5411772060536829
0.1695906432748538,0.13508260447035958,0.5411772060536829
0.17543859649122806,0.13508260447035958,0.5411772060536829
0.17543859649122806,0.1360544217687075,0.5411772060536829
0.18128654970760233,0.1360544217687075,0.5411772060536829
0.18128654970760233,0.15257531584062195,0.5411772060536829
0.1871345029239766,0.15257531584062195,0.5411772060536829
0.1871345029239766,0.1554907677356657,0.5411772060536829
0.19298245614035087,0.1554907677356657,0.5411772060536829
0.19298245614035087,0.1564625850340136,0.5411772060536829
0.2046783625730994,0.1564625850340136,0.5411772060536829
0.2046783625730994,0.17201166180758018,0.5411772060536829
0.21052631578947367,0.17201166180758018,0.5411772060536829
0.21052631578947367,0.17395529640427598,0.5411772060536829
0.21637426900584794,0.17395529640427598,0.5411772060536829
0.21637426900584794,0.17784256559766765,0.5411772060536829
0.2222222222222222,0.17784256559766765,0.5411772060536829
0.2222222222222222,0.184645286686103,0.5411772060536829
0.23391812865497075,0.184645286686103,0.5411772060536829
0.23391812865497075,0.19047619047619047,0.5411772060536829
0.23976608187134502,0.19047619047619047,0.5411772060536829
0.23976608187134502,0.2021379980563654,0.5411772060536829
0.24561403508771928,0.2021379980563654,0.5411772060536829
0.24561403508771928,0.20408163265306123,0.5411772060536829
0.25146198830409355,0.20408163265306123,0.5411772060536829
0.25146198830409355,0.2108843537414966,0.5411772060536829
0.2573099415204678,0.2108843537414966,0.5411772060536829
0.2573099415204678,0.2206025267249757,0.5411772060536829
0.2631578947368421,0.2206025267249757,0.5411772060536829
0.2631578947368421,0.22157434402332363,0.5411772060536829
0.27485380116959063,0.22157434402332363,0.5411772060536829
0.27485380116959063,0.22448979591836735,0.5411772060536829
0.2807017543859649,0.22448979591836735,0.5411772060536829
0.2807017543859649,0.23226433430515064,0.5411772060536829
0.28654970760233917,0.23226433430515064,0.5411772060536829
0.28654970760233917,0.23809523809523808,0.5411772060536829
0.29239766081871343,0.23809523809523808,0.5411772060536829
0.29239766081871343,0.24295432458697766,0.5411772060536829
0.2982456140350877,0.24295432458697766,0.5411772060536829
0.2982456140350877,0.24489795918367346,0.5411772060536829
0.30409356725146197,0.24489795918367346,0.5411772060536829
0.30409356725146197,0.24975704567541301,0.5411772060536829
0.30994152046783624,0.24975704567541301,0.5411772060536829
0.30994152046783624,0.25267249757045673,0.5411772060536829
0.3216374269005848,0.25267249757045673,0.5411772060536829
0.3216374269005848,0.26239067055393583,0.5411772060536829
0.32748538011695905,0.26239067055393583,0.5411772060536829
0.32748538011695905,0.26822157434402333,0.5411772060536829
0.3333333333333333,0.26822157434402333,0.5411772060536829
0.3333333333333333,0.27405247813411077,0.5411772060536829
0.3391812865497076,0.27405247813411077,0.5411772060536829
0.3391812865497076,0.2789115646258503,0.5411772060536829
0.34502923976608185,0.2789115646258503,0.5411772060536829
0.34502923976608185,0.2847424684159378,0.5411772060536829
0.3567251461988304,0.2847424684159378,0.5411772060536829
0.3567251461988304,0.2857142857142857,0.5411772060536829
0.36257309941520466,0.2857142857142857,0.5411772060536829
0.36257309941520466,0.28960155490767736,0.5411772060536829
0.3684210526315789,0.28960155490767736,0.5411772060536829
0.3684210526315789,0.2915451895043732,0.5411772060536829
0.3742690058479532,0.2915451895043732,0.5411772060536829
0.3742690058479532,0.2944606413994169,0.5411772060536829
0.38596491228070173,0.2944606413994169,0.5411772060536829
0.38596491228070173,0.304178814382896,0.5411772060536829
0.391812865497076,0.304178814382896,0.5411772060536829
0.391812865497076,0.3177842565597668,0.5411772060536829
0.39766081871345027,0.3177842565597668,0.5411772060536829
0.39766081871345027,0.3226433430515063,0.5411772060536829
0.40350877192982454,0.3226433430515063,0.5411772060536829
0.40350877192982454,0.32555879494655005,0.5411772060536829
0.4093567251461988,0.32555879494655005,0.5411772060536829
0.4093567251461988,0.3304178814382896,0.5411772060536829
0.42105263157894735,0.3304178814382896,0.5411772060536829
0.42105263157894735,0.3333333333333333,0.5411772060536829
0.4269005847953216,0.3333333333333333,0.5411772060536829
0.4269005847953216,0.337220602526725,0.5411772060536829
0.43859649122807015,0.337220602526725,0.5411772060536829
0.43859649122807015,0.358600583090379,0.5411772060536829
0.4444444444444444,0.358600583090379,0.5411772060536829
0.4444444444444444,0.39067055393586003,0.5411772060536829
0.4502923976608187,0.39067055393586003,0.5411772060536829
0.4502923976608187,0.391642371234208,0.5411772060536829
0.45614035087719296,0.391642371234208,0.5411772060536829
0.45614035087719296,0.39552964042759964,0.5411772060536829
0.4619883040935672,0.39552964042759964,0.5411772060536829
0.4619883040935672,0.4003887269193392,0.5411772060536829
0.4678362573099415,0.4003887269193392,0.5411772060536829
0.4678362573099415,0.4013605442176871,0.5411772060536829
0.47368421052631576,0.4013605442176871,0.5411772060536829
0.47368421052631576,0.40816326530612246,0.5411772060536829
0.4853801169590643,0.40816326530612246,0.5411772060536829
0.4853801169590643,0.4101068999028183,0.5411772060536829
0.49122807017543857,0.4101068999028183,0.5411772060536829
0.49122807017543857,0.4217687074829932,0.5411772060536829
0.49707602339181284,0.4217687074829932,0.5411772060536829
0.49707602339181284,0.4227405247813411,0.5411772060536829
0.5146198830409356,0.4227405247813411,0.5411772060536829
0.5146198830409356,0.42468415937803694,0.5411772060536829
0.52046783625731,0.42468415937803694,0.5411772060536829
0.52046783625731,0.44314868804664725,0.5411772060536829
0.5263157894736842,0.44314868804664725,0.5411772060536829
0.5263157894736842,0.4518950437317784,0.5411772060536829
0.5380116959064327,0.4518950437317784,0.5411772060536829
0.5380116959064327,0.45383867832847424,0.5411772060536829
0.543859649122807,0.45383867832847424,0.5411772060536829
0.543859649122807,0.47230320699708456,0.5411772060536829
0.5497076023391813,0.47230320699708456,0.5411772060536829
0.5497076023391813,0.4849368318756074,0.5411772060536829
0.5555555555555556,0.4849368318756074,0.5411772060536829
0.5555555555555556,0.48882410106899904,0.5411772060536829
0.5614035087719298,0.48882410106899904,0.5411772060536829
0.5614035087719298,0.49951409135082603,0.5411772060536829
0.5672514619883041,0.49951409135082603,0.5411772060536829
0.5672514619883041,0.500485908649174,0.5411772060536829
0.5789473684210527,0.500485908649174,0.5411772060536829
0.5789473684210527,0.5072886297376094,0.5411772060536829
0.5847953216374269,0.5072886297376094,0.5411772060536829
0.5847953216374269,0.5131195335276968,0.5411772060536829
0.5906432748538012,0.5131195335276968,0.5411772060536829
0.5906432748538012,0.5140913508260447,0.5411772060536829
0.5964912280701754,0.5140913508260447,0.5411772060536829
0.5964912280701754,0.5286686103012633,0.5411772060536829
0.6081871345029239,0.5286686103012633,0.5411772060536829
0.6081871345029239,0.5636540330417882,0.5411772060536829
0.6140350877192983,0.5636540330417882,0.5411772060536829
0.6140350877192983,0.5675413022351797,0.5411772060536829
0.6198830409356725,0.5675413022351797,0.5411772060536829
0.6198830409356725,0.5782312925170068,0.5411772060536829
0.6257309941520468,0.5782312925170068,0.5411772060536829
0.6257309941520468,0.5840621963070942,0.5411772060536829
0.631578947368421,0.5840621963070942,0.5411772060536829
0.631578947368421,0.5879494655004859,0.5411772060536829
0.6374269005847953,0.5879494655004859,0.5411772060536829
0.6374269005847953,0.5986394557823129,0.5411772060536829
0.6432748538011696,0.5986394557823129,0.5411772060536829
0.6432748538011696,0.6044703595724004,0.5411772060536829
0.6491228070175439,0.6044703595724004,0.5411772060536829
0.6491228070175439,0.6054421768707483,0.5411772060536829
0.6549707602339181,0.6054421768707483,0.5411772060536829
0.6549707602339181,0.60932944606414,0.5411772060536829
0.6608187134502924,0.60932944606414,0.5411772060536829
0.6608187134502924,0.6112730806608357,0.5411772060536829
0.672514619883041,0.6112730806608357,0.5411772060536829
0.672514619883041,0.6258503401360545,0.5411772060536829
0.6842105263157895,0.6258503401360545,0.5411772060536829
0.6842105263157895,0.6297376093294461,0.5411772060536829
0.6900584795321637,0.6297376093294461,0.5411772060536829
0.6900584795321637,0.6423712342079689,0.5411772060536829
0.7017543859649122,0.6423712342079689,0.5411772060536829
0.7017543859649122,0.6637512147716229,0.5411772060536829
0.7076023391812866,0.6637512147716229,0.5411772060536829
0.7076023391812866,0.6676384839650146,0.5411772060536829
0.7134502923976608,0.6676384839650146,0.5411772060536829
0.7134502923976608,0.6686103012633625,0.5411772060536829
0.7192982456140351,0.6686103012633625,0.5411772060536829
0.7192982456140351,0.6754130223517979,0.5411772060536829
0.7251461988304093,0.6754130223517979,0.5411772060536829
0.7251461988304093,0.6822157434402333,0.5411772060536829
0.7309941520467836,0.6822157434402333,0.5411772060536829
0.7309941520467836,0.6870748299319728,0.5411772060536829
0.7368421052631579,0.6870748299319728,0.5411772060536829
0.7368421052631579,0.7045675413022352,0.5411772060536829
0.7426900584795322,0.7045675413022352,0.5411772060536829
0.7426900584795322,0.7084548104956269,0.5411772060536829
0.7485380116959064,0.7084548104956269,0.5411772060536829
0.7485380116959064,0.7113702623906706,0.5411772060536829
0.7543859649122807,0.7113702623906706,0.5411772060536829
0.7543859649122807,0.7249757045675413,0.5411772060536829
0.7602339181286549,0.7249757045675413,0.5411772060536829
0.7602339181286549,0.7288629737609329,0.5411772060536829
0.7660818713450293,0.7288629737609329,0.5411772060536829
0.7660818713450293,0.7560738581146744,0.5411772060536829
0.7719298245614035,0.7560738581146744,0.5411772060536829
0.7719298245614035,0.7677356656948494,0.5411772060536829
0.7777777777777778,0.7677356656948494,0.5411772060536829
0.7777777777777778,0.771622934888241,0.5411772060536829
0.783625730994152,0.771622934888241,0.5411772060536829
0.783625730994152,0.7842565597667639,0.5411772060536829
0.7894736842105263,0.7842565597667639,0.5411772060536829
0.7894736842105263,0.7852283770651117,0.5411772060536829
0.7953216374269005,0.7852283770651117,0.5411772060536829
0.7953216374269005,0.7920310981535471,0.5411772060536829
0.8011695906432749,0.7920310981535471,0.5411772060536829
0.8011695906432749,0.7988338192419825,0.5411772060536829
0.8070175438596491,0.7988338192419825,0.5411772060536829
0.8070175438596491,0.8036929057337221,0.5411772060536829
0.8128654970760234,0.8036929057337221,0.5411772060536829
0.8128654970760234,0.8046647230320699,0.5411772060536829
0.8187134502923976,0.8046647230320699,0.5411772060536829
0.8187134502923976,0.8066083576287658,0.5411772060536829
0.8245614035087719,0.8066083576287658,0.5411772060536829
0.8245614035087719,0.8085519922254616,0.5411772060536829
0.8304093567251462,0.8085519922254616,0.5411772060536829
0.8304093567251462,0.8124392614188533,0.5411772060536829
0.8362573099415205,0.8124392614188533,0.5411772060536829
0.8362573099415205,0.814382896015549,0.5411772060536829
0.847953216374269,0.814382896015549,0.5411772060536829
0.847953216374269,0.8250728862973761,0.5411772060536829
0.8538011695906432,0.8250728862973761,0.5411772060536829
0.8538011695906432,0.8289601554907677,0.5411772060536829
0.8596491228070176,0.8289601554907677,0.5411772060536829
0.8596491228070176,0.8386783284742468,0.5411772060536829
0.8654970760233918,0.8386783284742468,0.5411772060536829
0.8654970760233918,0.8406219630709426,0.5411772060536829
0.8713450292397661,0.8406219630709426,0.5411772060536829
0.8713450292397661,0.8425655976676385,0.5411772060536829
0.8771929824561403,0.8425655976676385,0.5411772060536829
0.8771929824561403,0.8493683187560739,0.5411772060536829
0.8830409356725146,0.8493683187560739,0.5411772060536829
0.8830409356725146,0.8639455782312925,0.5411772060536829
0.8888888888888888,0.8639455782312925,0.5411772060536829
0.8888888888888888,0.8658892128279884,0.5411772060536829
0.8947368421052632,0.8658892128279884,0.5411772060536829
0.8947368421052632,0.8726919339164237,0.5411772060536829
0.9005847953216374,0.8726919339164237,0.5411772060536829
0.9005847953216374,0.8794946550048591,0.5411772060536829
0.9064327485380117,0.8794946550048591,0.5411772060536829
0.9064327485380117,0.8814382896015549,0.5411772060536829
0.9122807017543859,0.8814382896015549,0.5411772060536829
0.9122807017543859,0.8843537414965986,0.5411772060536829
0.9181286549707602,0.8843537414965986,0.5411772060536829
0.9181286549707602,0.8940719144800777,0.5411772060536829
0.9239766081871345,0.8940719144800777,0.5411772060536829
0.9239766081871345,0.901846452866861,0.5411772060536829
0.935672514619883,0.901846452866861,0.5411772060536829
0.935672514619883,0.9164237123420796,0.5411772060536829
0.9415204678362573,0.9164237123420796,0.5411772060536829
0.9415204678362573,0.924198250728863,0.5411772060536829
0.9532163742690059,0.924198250728863,0.5411772060536829
0.9532163742690059,0.93488824101069,0.5411772060536829
0.9590643274853801,0.93488824101069,0.5411772060536829
0.9590643274853801,0.9523809523809523,0.5411772060536829
0.9707602339181286,0.9523809523809523,0.5411772060536829
0.9707602339181286,0.9611273080660836,0.5411772060536829
0.9766081871345029,0.9611273080660836,0.5411772060536829
0.9766081871345029,0.9620991253644315,0.5411772060536829
0.9824561403508771,0.9620991253644315,0.5411772060536829
0.9824561403508771,0.9727891156462585,0.5411772060536829
0.9883040935672515,0.9727891156462585,0.5411772060536829
0.9883040935672515,0.9757045675413022,0.5411772060536829
0.9941520467836257,0.9757045675413022,0.5411772060536829
0.9941520467836257,0.9922254616132167,0.5411772060536829
1.0,0.9922254616132167,0.5411772060536829
1.0,1.0,0.5411772060536829
